date,weight_kg,trend_weight_kg,calories_kcal,protein_g,fat_g,carbs_g,target_calories_kcal,target_protein_g,target_fat_g,target_carbs_g,expenditure_kcal,steps,notes,estimated_deficit_kcal,calorie_difference,protein_difference,fat_difference,carbs_difference,met_protein_target,exceeded_calorie_target,protein_per_kg,week,trend_weight_change,scale_weight_change
2026-02-11,94.0,93.85,2161.0,124.0,62.0,293.0,1738.0,239.0,57.0,64.0,2462,13835,,301.0,423.0,-115.0,5.0,229.0,False,True,1.321257325519446,2026-02-09/2026-02-15,,
2026-02-12,92.4,93.7,1825.0,149.0,58.0,178.0,1738.0,199.0,57.0,104.0,2462,15332,,637.0,87.0,-50.0,1.0,74.0,False,True,1.5901814300960513,2026-02-09/2026-02-15,-0.14999999999999147,-1.5999999999999943
2026-02-13,91.7,93.5,2326.0,205.0,117.0,112.0,1738.0,199.0,57.0,104.0,2462,12643,,136.0,588.0,6.0,60.0,8.0,True,True,2.192513368983957,2026-02-09/2026-02-15,-0.20000000000000284,-0.7000000000000028
2026-02-14,,93.3,1772.0,192.0,39.0,159.0,1738.0,199.0,57.0,104.0,2464,14549,,692.0,34.0,-7.0,-18.0,55.0,False,True,2.057877813504823,2026-02-09/2026-02-15,-0.20000000000000284,
2026-02-15,,93.09,1824.0,182.0,60.0,144.0,1738.0,199.0,57.0,104.0,2467,4208,,643.0,86.0,-17.0,3.0,40.0,False,True,1.9550972177462669,2026-02-09/2026-02-15,-0.20999999999999375,
2026-02-16,91.0,92.88,1618.0,194.0,57.0,82.0,1771.0,193.0,59.0,116.0,2472,9579,,854.0,-153.0,1.0,-2.0,-34.0,True,False,2.0887166236003445,2026-02-16/2026-02-22,-0.21000000000000796,
2026-02-17,90.5,92.64,,,,,,,,,2479,7229,incomplete,,,,,,False,False,,2026-02-16/2026-02-22,-0.23999999999999488,-0.5
2026-02-18,92.3,92.61,1026.0,125.0,35.0,53.0,1771.0,193.0,59.0,116.0,2483,10873,,1457.0,-745.0,-68.0,-24.0,-63.0,False,False,1.3497462477054314,2026-02-16/2026-02-22,-0.030000000000001137,1.7999999999999972
2026-02-19,,92.46,1763.0,207.0,81.0,55.0,1771.0,193.0,59.0,116.0,2487,19586,,724.0,-8.0,14.0,22.0,-61.0,True,False,2.238805970149254,2026-02-16/2026-02-22,-0.15000000000000568,
2026-02-20,90.0,92.22,1687.0,207.0,35.0,135.0,1771.0,193.0,59.0,116.0,2493,14984,,806.0,-84.0,14.0,-24.0,19.0,True,False,2.2446324007807417,2026-02-16/2026-02-22,-0.23999999999999488,
2026-02-21,90.7,92.07,1759.0,163.0,76.0,106.0,1771.0,193.0,59.0,116.0,2497,9243,,738.0,-12.0,-30.0,17.0,-10.0,False,False,1.7703920929727384,2026-02-16/2026-02-22,-0.15000000000000568,0.7000000000000028
2026-02-22,91.1,91.97,1759.0,192.0,63.0,97.0,1771.0,193.0,59.0,116.0,2501,12176,,742.0,-12.0,-1.0,4.0,-19.0,False,False,2.087637273023812,2026-02-16/2026-02-22,-0.09999999999999432,0.3999999999999915
2026-02-23,91.1,91.88,2056.0,185.0,45.0,197.0,1800.0,194.0,60.0,120.0,2503,9165,,447.0,256.0,-9.0,-15.0,77.0,False,True,2.0134958641706575,2026-02-23/2026-03-01,-0.09000000000000341,0.0
2026-02-24,91.5,91.84,1838.0,200.0,60.0,129.0,1800.0,194.0,60.0,120.0,2504,12345,,666.0,38.0,6.0,0.0,9.0,True,True,2.177700348432056,2026-02-23/2026-03-01,-0.03999999999999204,0.4000000000000057
2026-02-25,92.0,91.86,1951.0,183.0,88.0,106.0,1800.0,194.0,60.0,120.0,2503,13566,,552.0,151.0,-11.0,28.0,-14.0,False,True,1.992161985630307,2026-02-23/2026-03-01,0.01999999999999602,0.5
2026-02-26,90.7,91.74,1806.0,194.0,55.0,133.0,1800.0,194.0,60.0,120.0,2502,8499,,696.0,6.0,0.0,-5.0,13.0,True,True,2.114671898844561,2026-02-23/2026-03-01,-0.12000000000000455,-1.2999999999999972
2026-02-27,,91.62,1858.0,178.0,43.0,198.0,1800.0,194.0,60.0,120.0,2503,11619,,645.0,58.0,-16.0,-17.0,78.0,False,True,1.9428072473259113,2026-02-23/2026-03-01,-0.11999999999999034,
2026-02-28,,91.48,1865.0,175.0,42.0,162.0,1800.0,194.0,60.0,120.0,2503,5250,,638.0,65.0,-19.0,-18.0,42.0,False,True,1.9129864451246172,2026-02-23/2026-03-01,-0.14000000000000057,
2026-03-01,90.0,91.33,636.0,73.0,14.0,55.0,1800.0,194.0,60.0,120.0,2505,14555,partial logging,1869.0,-1164.0,-121.0,-46.0,-65.0,False,False,0.7992992444979744,2026-02-23/2026-03-01,-0.15000000000000568,
2026-03-02,92.2,91.42,1984.0,202.0,59.0,158.0,1792.0,196.0,59.0,117.0,2502,14330,,518.0,192.0,6.0,0.0,41.0,True,True,2.2095821483264055,2026-03-02/2026-03-08,0.09000000000000341,2.200000000000003
2026-03-03,91.2,91.4,1824.0,190.0,40.0,163.0,1792.0,196.0,59.0,117.0,2498,28651,long run,674.0,32.0,-6.0,-19.0,46.0,False,True,2.0787746170678334,2026-03-02/2026-03-08,-0.01999999999999602,-1.0
2026-03-04,90.8,91.34,2241.0,198.0,58.0,156.0,1792.0,196.0,59.0,117.0,2494,12910,,253.0,449.0,2.0,-1.0,39.0,True,True,2.167724983577841,2026-03-02/2026-03-08,-0.060000000000002274,-0.4000000000000057
2026-03-05,90.5,91.25,1798.0,192.0,36.0,172.0,1792.0,196.0,59.0,117.0,2492,12500,,694.0,6.0,-4.0,-23.0,55.0,False,True,2.1041095890410957,2026-03-02/2026-03-08,-0.09000000000000341,-0.29999999999999716
2026-03-06,90.4,91.17,2200.0,197.0,91.0,147.0,1792.0,196.0,59.0,117.0,2489,14799,,289.0,408.0,1.0,32.0,30.0,True,True,2.160798508281233,2026-03-02/2026-03-08,-0.0799999999999983,-0.09999999999999432
2026-03-07,89.9,91.04,1893.0,193.0,47.0,172.0,1792.0,196.0,59.0,117.0,2488,6725,,595.0,101.0,-3.0,-12.0,55.0,False,True,2.119947275922671,2026-03-02/2026-03-08,-0.12999999999999545,-0.5
2026-03-08,89.7,90.91,2408.0,177.0,100.0,48.0,1792.0,196.0,59.0,117.0,2488,5467,,80.0,616.0,-19.0,41.0,-69.0,False,True,1.946980530194698,2026-03-02/2026-03-08,-0.13000000000000966,-0.20000000000000284
2026-03-09,89.2,90.74,1812.0,183.0,46.0,164.0,1805.0,189.0,60.0,125.0,2491,10994,,679.0,7.0,-6.0,-14.0,39.0,False,True,2.0167511571523034,2026-03-09/2026-03-15,-0.1700000000000017,-0.5
2026-03-10,88.4,90.5,1766.0,189.0,61.0,118.0,1805.0,189.0,60.0,125.0,2497,13985,,731.0,-39.0,0.0,1.0,-7.0,True,False,2.088397790055249,2026-03-09/2026-03-15,-0.23999999999999488,-0.7999999999999972
2026-03-11,87.7,90.22,2063.0,191.0,75.0,153.0,1805.0,189.0,60.0,125.0,2505,17650,,442.0,258.0,2.0,15.0,28.0,True,True,2.117047217911771,2026-03-09/2026-03-15,-0.28000000000000114,-0.7000000000000028
2026-03-12,87.6,89.96,1980.0,196.0,52.0,176.0,1805.0,189.0,60.0,125.0,2515,15162,,535.0,175.0,7.0,-8.0,51.0,True,True,2.178746109381948,2026-03-09/2026-03-15,-0.2600000000000051,-0.10000000000000853
2026-03-13,88.2,89.78,2226.0,195.0,83.0,171.0,1805.0,189.0,60.0,125.0,2525,13000,Soccer game,299.0,421.0,6.0,23.0,46.0,True,True,2.1719759411895745,2026-03-09/2026-03-15,-0.1799999999999926,0.6000000000000085
2026-03-14,87.8,89.59,2990.0,222.0,84.0,332.0,1805.0,189.0,60.0,125.0,2537,10361,,-453.0,1185.0,33.0,24.0,207.0,True,True,2.4779551289206383,2026-03-09/2026-03-15,-0.18999999999999773,-0.4000000000000057
2026-03-15,87.6,89.39,2633.0,202.0,100.0,217.0,1805.0,189.0,60.0,125.0,2552,11113,,-81.0,828.0,13.0,40.0,92.0,True,True,2.259760599619644,2026-03-09/2026-03-15,-0.20000000000000284,-0.20000000000000284
2026-03-16,88.2,89.27,2041.0,188.0,63.0,164.0,1892.0,187.0,63.0,143.0,2568,11559,,527.0,149.0,1.0,0.0,21.0,True,True,2.105970650834547,2026-03-16/2026-03-22,-0.12000000000000455,0.6000000000000085
2026-03-17,88.3,89.17,1927.0,184.0,70.0,138.0,1892.0,187.0,63.0,143.0,2580,11672,,653.0,35.0,-3.0,7.0,-5.0,False,True,2.063474262644387,2026-03-16/2026-03-22,-0.09999999999999432,0.09999999999999432
2026-03-18,87.6,89.01,2410.0,198.0,66.0,210.0,1892.0,187.0,63.0,143.0,2592,17775,,182.0,518.0,11.0,3.0,67.0,True,True,2.224469160768453,2026-03-16/2026-03-22,-0.1599999999999966,-0.7000000000000028
2026-03-19,88.0,88.91,2129.0,179.0,54.0,154.0,1892.0,187.0,63.0,143.0,2603,13503,,474.0,237.0,-8.0,-9.0,11.0,False,True,2.013271847936115,2026-03-16/2026-03-22,-0.10000000000000853,0.4000000000000057
2026-03-20,,88.78,2090.0,213.0,103.0,80.0,1892.0,187.0,63.0,143.0,2613,10591,,523.0,198.0,26.0,40.0,-63.0,True,True,2.399189006533003,2026-03-16/2026-03-22,-0.12999999999999545,
2026-03-21,87.2,88.62,1928.0,185.0,55.0,173.0,1892.0,187.0,63.0,143.0,2622,10046,,694.0,36.0,-2.0,-8.0,30.0,False,True,2.0875648837734144,2026-03-16/2026-03-22,-0.1599999999999966,
2026-03-22,86.6,88.42,1816.0,160.0,88.0,91.0,1892.0,187.0,63.0,143.0,2632,9293,,816.0,-76.0,-27.0,25.0,-52.0,False,False,1.8095453517303777,2026-03-16/2026-03-22,-0.20000000000000284,-0.6000000000000085
2026-03-23,87.2,88.3,1990.0,189.0,83.0,127.0,1965.0,184.0,65.0,159.0,2639,11162,,649.0,25.0,5.0,18.0,-32.0,True,True,2.140430351075878,2026-03-23/2026-03-29,-0.12000000000000455,0.6000000000000085
2026-03-24,86.0,88.07,2385.0,197.0,92.0,204.0,1965.0,184.0,65.0,159.0,2648,17405,,263.0,420.0,13.0,27.0,45.0,True,True,2.236857045531963,2026-03-23/2026-03-29,-0.23000000000000398,-1.2000000000000028
2026-03-25,86.6,87.92,2420.0,197.0,82.0,72.0,1965.0,184.0,65.0,159.0,2657,9142,,237.0,455.0,13.0,17.0,-87.0,True,True,2.240673339399454,2026-03-23/2026-03-29,-0.14999999999999147,0.5999999999999943
